condition,source_filename,chunk,start_offset,end_offset,chunk_size,chunk_sha256
contiguous,BMP_01.bmp,whole,0,331829,331830,7ee03a5521e4951a7b9b47c39f9c2f5c899ebc8a92e50c240b3183e0e30adcf6
contiguous,BMP_02.bmp,whole,335926,787563,451638,a4ff60a468e6c5ca6f2ccf3634fd719fedf387d1016a84d7e9d7cf4ca1dd8b77
contiguous,BMP_03.bmp,whole,791660,1381537,589878,68d5959cd12cbe0eb7d4d3b9f32477b1f1ff1da93b9da9114de36f7ad429e230
contiguous,BMP_04.bmp,whole,1385634,1800407,414774,39d301b835f15bc1d1c08d08e3557ab769e7560460d169fc4cf8e5440ce4bd71
contiguous,BMP_05.bmp,whole,1804504,2081037,276534,5c383f8df57eda48cba178fd258cabb2ecbb405ec5fc08e03352dde17ee5444a
contiguous,BMP_06.bmp,whole,2085134,2472259,387126,6fbcaf8c8d7bb2c93cf9a1d7617eab5ac9cf24fd15d608135850a5e46bff1911
contiguous,BMP_07.bmp,whole,2476356,2992505,516150,3384396f098ba716aceaabc66863f27133dd22dd194baac61748e9d245e34060
contiguous,BMP_08.bmp,whole,2996602,3365295,368694,785191aa79a2aad9c9a258c8cc3070d16c7618314184179b21aff9e21b777f5c
contiguous,BMP_09.bmp,whole,3369392,3867109,497718,062531d77f3a490afbb8167d296083a3294418f610913b1200a04234c8db2376
contiguous,BMP_10.bmp,whole,3871206,4193819,322614,bf48989c535a5b4899edd38cfa471d0710855379f6ec1ad5f3dc10c76b5ca477
contiguous,BMP_11.bmp,whole,4197916,4640337,442422,c7e66b13ec73ae52095124bcb02c013b912bd01aa3593c038a8630ba69133ee3
contiguous,BMP_12.bmp,whole,4644434,4967047,322614,4a2590502f50d9cead6ce3fb8e8e61c17d29c837143bd6c928044ec7dce1e88d
contiguous,BMP_13.bmp,whole,4971144,5413565,442422,dfa74500789a521e939d3d25f2af045005016766e543bf0ac5b271f1fc98c858
contiguous,BMP_14.bmp,whole,5417662,5998323,580662,513dde667c19c8012fc8f8b7b9d6d180fb0987e38a544597f99086198b0dd84f
contiguous,BMP_15.bmp,whole,6002420,6371113,368694,b99ba75abe8169138573d62304698539514152ebd11e942077466f385050eae5
contiguous,BMP_16.bmp,whole,6375210,6651743,276534,1978998aac8b2a43fd6e2167c67d80e3bcb0261269427298f03262618d919e25
contiguous,BMP_17.bmp,whole,6655840,7042965,387126,45beec1d223ca9b02554d8b989ca7119b04d89b58571ab445c868a57f0e140f0
contiguous,BMP_18.bmp,whole,7047062,7563211,516150,3ac1090b5f4dc49f93fbadaf74658c979ceaf1c6c0667b33ebb77cadf7d32207
contiguous,BMP_19.bmp,whole,7567308,8230913,663606,9c9e1e96e8fd09d32c9b156792f90354f3fa9af57c4da57622e8cd2e3a4099ab
contiguous,BMP_20.bmp,whole,8235010,8465463,230454,863640e1a3d84b1306d7640178aca9d9b8ecb8c2663526669cdb7a0c7464acba
contiguous,JPEG_01.jpg,whole,8469560,8489739,20180,72f37677a4d2da84edcfca39689ea5379ead2e9cb093fd4060ae24bd66abad4a
contiguous,JPEG_02.jpg,whole,8493836,8514460,20625,6d369a242194cd11c4bcfe7ce222363999acaea1b650e057c0b009949c8023dc
contiguous,JPEG_03.jpg,whole,8518557,8547456,28900,9bc61b5d5b10410f51ccae9155ebaf7a21df899b49825f4b57a71d6b21cac55f
contiguous,JPEG_04.jpg,whole,8551553,8570535,18983,2b2a4620d7b72f39da15c1e077a04305342c351675bdd9bc5527fbb580f54cab
contiguous,JPEG_05.jpg,whole,8574632,8589933,15302,46796700f25b9fe5671827e95771501b3f14581705aed7b256f205b782220b83
contiguous,JPEG_06.jpg,whole,8594030,8615544,21515,277e89e7478b43bf2a454055fcef0fbbb7ab965faed633a36465edd3c80ff7f9
contiguous,JPEG_07.jpg,whole,8619641,8645962,26322,d54dda6280e8ab513751ba6f6622af17ec0a06ddb650b417410519617ec7bd55
contiguous,JPEG_08.jpg,whole,8650059,8671854,21796,0b95837a73e63bd263b4672e39d1c6c14917433cacf77f9aade377b4733dc846
contiguous,JPEG_09.jpg,whole,8675951,8694718,18768,ca40f45af89d40c3bbae75f30ac92a12905acf42647626ffa71ed2cb15185d21
contiguous,JPEG_10.jpg,whole,8698815,8717315,18501,cde5ecc27e1f8c7422363a572083e6e42a7b558a265d9a95386fe7fd82db8eaf
contiguous,JPEG_11.jpg,whole,8721412,8742215,20804,c08a92f4e9a9e5270357c3a0aa604b3c50f1bcbe1fec84185021dd39fed65e39
contiguous,JPEG_12.jpg,whole,8746312,8764747,18436,d6c4bca4d85a72e25edf460edccdb312efb6c20788b90d1aa43396be24322b3a
contiguous,JPEG_13.jpg,whole,8768844,8791453,22610,afb60f344ca0b6f36aff4b3b6cb1c0b39515775d5a167035acf0b3971559e295
contiguous,JPEG_14.jpg,whole,8795550,8817718,22169,d425eaca1c5c27aa2e65e9a6c7100e9f7033ff2b999081e1481ec48025fda6a7
contiguous,JPEG_15.jpg,whole,8821815,8840512,18698,233fd8904ac70cff1a37a8f09239ec31cd917e9365d2985a61125d33404ce8a8
contiguous,JPEG_16.jpg,whole,8844609,8859632,15024,8bc304370ebb35331f4ae19121a5b9698c1ebc4ff32b3ee1e79b1d382eb76042
contiguous,JPEG_17.jpg,whole,8863729,8883011,19283,1d089cae5dce9b9096fe8562469054aaead15220c8af7718900042e0cefb1ae7
contiguous,JPEG_18.jpg,whole,8887108,8907532,20425,b3604fd9e575a1ff770d73ab372009637e756ee156d4a85c7f00344b90375709
contiguous,JPEG_19.jpg,whole,8911629,8938435,26807,b83d541298063ea9dbb4e2d660b386c6fad91960bcd7d714112c2359f70e8a09
contiguous,JPEG_20.jpg,whole,8942532,8955884,13353,8a1eee90b97b629ca74ecd2306bb05d997d1210bd90ee75b39a856bb07d7f1fe
contiguous,PNG_01.png,whole,8959981,8963306,3326,dc93134b51ce19aabb8a511603af5e3b229c869c61e050ee64807720a55a85dc
contiguous,PNG_02.png,whole,8967403,8971415,4013,6f916a1fde3bc95bb33bac0e5c961f900e88e64d3706349880236da3573b4ec1
contiguous,PNG_03.png,whole,8975512,8979528,4017,503556e9ebeb3137a394bed1d022c0844b6362e9ca479985437a5f6804a36595
contiguous,PNG_04.png,whole,8983625,8986348,2724,a99586ed88678d6445aa5be53129e31bbe72ab15b8db2c8567e107be06ccc9ae
contiguous,PNG_05.png,whole,8990445,8993312,2868,155067f4f7961c3ae21b863861c71d77bb1f4370a0e5278e2d352fb4ed8164e0
contiguous,PNG_06.png,whole,8997409,9000992,3584,069658b94f6bd279b962ae82c43ace0d055de92bf5610c375f7ff71d4b0e6988
contiguous,PNG_07.png,whole,9005089,9008040,2952,5a6e4386f9366e45016b409d2602f15d455a153b6c2c1bd6ea7aa60a8c2ec8e7
contiguous,PNG_08.png,whole,9012137,9015344,3208,01d457d0f4a63e37cebc9c0442dc23c7578c162573a00cbdd07e4fe54b0eee42
contiguous,PNG_09.png,whole,9019441,9022393,2953,a83ab68e6280314ca2e9041848208c3737d451c46a73f82c0370dfb476ef2da9
contiguous,PNG_10.png,whole,9026490,9029641,3152,4a477acb8af75af4c81da30ba2bed95a75b8373a3b00d0c1cb40dfdc066847b4
contiguous,PNG_11.png,whole,9033738,9037314,3577,956707b789af701241ba65e95f1823eaccc391d3aaa63569aeb78628db341e54
contiguous,PNG_12.png,whole,9041411,9044051,2641,01213c1ac50df0821d0e6b807cd4cfbfeafaee153b70d04dec19ecc33e4f79a7
contiguous,PNG_13.png,whole,9048148,9051076,2929,d3d3626ae2d243fbd0cf2da0f2e4f784949fd337493c431a5f95e7d55df92f95
contiguous,PNG_14.png,whole,9055173,9058520,3348,64860f872761ab3e5691be5d1ff63addca32edc28e88235a4a3bfed3da4502cc
contiguous,PNG_15.png,whole,9062617,9065868,3252,56f8e12ccd40f3b0fa616288db73cd5ace567a81e31bb57aab15e05a8ac59458
contiguous,PNG_16.png,whole,9069965,9072868,2904,de71d7143c4ae09bd2c9a3150a8ee891225b5995ee27f39cc98537fdaed3c410
contiguous,PNG_17.png,whole,9076965,9080270,3306,20c932c4e535477d85fd5b5cfab9c33973031480102c7194a9684c32017b3b06
contiguous,PNG_18.png,whole,9084367,9087488,3122,b20b59eff9e59a7eab38f1eeedc41a7427510fd3c5bc365f1e96a3b9e4da771c
contiguous,PNG_19.png,whole,9091585,9096037,4453,7d30c7bd067cab029698e3b615e6df3ac277826e57ff2f5fcc9bef1651c6e403
contiguous,PNG_20.png,whole,9100134,9103377,3244,76d85ae7ef0fcd070f3a58d01e306420f3a66067a94ba033d9ef03be068628f1
split,BMP_01.bmp,part1,0,165914,165915,263e24335eac5d5b26521067d9c9d3084b7ed6db2da86c348238c1c7c073ae18
split,BMP_01.bmp,part2,174107,340021,165915,82c5ee832c3eb274ad386d24aebbaa8309c12f7980dac31d7226214e5b3de746
split,BMP_02.bmp,part1,344118,569936,225819,5a2eadca61e8d1a7d741b8fcd4f9ed9f5787e69ef806a3cd095082899b3725a8
split,BMP_02.bmp,part2,578129,803947,225819,527d9ad8e6b58e17b005e61711cfec995972874dbedca95e6c49a597ead9f110
split,BMP_03.bmp,part1,808044,1102982,294939,cff3637a4125ef73418c2a728ffb720edf9334b8659d038a6358379510f51bc5
split,BMP_03.bmp,part2,1111175,1406113,294939,b1e6a1b5489fb2d2128bd506c2142057d3da8ece9ceb655593feb6b636a4e81b
split,BMP_04.bmp,part1,1410210,1617596,207387,02280fc88987246cdd6a9bddcc1ea8759b701a09aa09809c3354864df6c8e89f
split,BMP_04.bmp,part2,1625789,1833175,207387,2f2811a88cbff6c5d1b281ad474c2c7e6b679f9e27e87bdc59db6a29e04998e0
split,BMP_05.bmp,part1,1837272,1975538,138267,3817320f92b55a8788de49afb6fdeaab562c81ec61f56de33ab657d569a27fac
split,BMP_05.bmp,part2,1983731,2121997,138267,d708443b5ad9a37740fe7fc402d77b2b57bf39c40d1e899111b83e8889538e66
split,BMP_06.bmp,part1,2126094,2319656,193563,7285a3e16c7a5cd0cdd5ed8648a21850540e691f74204e8d57b502537d9ad23c
split,BMP_06.bmp,part2,2327849,2521411,193563,e31d70cccfde0c0170335c680898ffd579653fbd79fb5d4c8ab9fa7d94caf803
split,BMP_07.bmp,part1,2525508,2783582,258075,ca82eb52dff71a09ded2157b665a5848b915c25cdd28fc317d82630cbb8c80fe
split,BMP_07.bmp,part2,2791775,3049849,258075,78910626e556c613ddb1c1b22f7bdaa015545370bca5e05eebecae7f220c2dab
split,BMP_08.bmp,part1,3053946,3238292,184347,f27488c9d817b6eefe835c6aac30da081c3a6969667ac893ac887fe84e973389
split,BMP_08.bmp,part2,3246485,3430831,184347,cdb4ca7ffcd75a8851c0d4ca5474cb31ece0cc8cc6ce3157bd91ab5f1c40fd34
split,BMP_09.bmp,part1,3434928,3683786,248859,dfb6df9c3b8a775063a7c0562b80d0d59a500eeb7ba3197296c2cbbecd91e254
split,BMP_09.bmp,part2,3691979,3940837,248859,89d324db69b5e6c39feb5f3aa1eb8cd554cc873745547ab1b4be1c6073aafc3d
split,BMP_10.bmp,part1,3944934,4106240,161307,8e38431a4d67dd9cfe62e5a676d84322f3a8e43ddbc556b49319b5983d73677a
split,BMP_10.bmp,part2,4114433,4275739,161307,50b95acb48efed29b9220813c65565886b7729b3fff9380bb89d6a4cc8663555
split,BMP_11.bmp,part1,4279836,4501046,221211,25dff2174f7c63191758d1358233ad1920602b7698d08fbb1754db1af723a56c
split,BMP_11.bmp,part2,4509239,4730449,221211,763bcc9a2c530c309a115617070ea5b3d502e026a145493ede92a5c5ec4e7aea
split,BMP_12.bmp,part1,4734546,4895852,161307,cff4f9f93f90a8bc482c8da4979668fb515a96e6cfd0bb420698d20c6b7f5d0d
split,BMP_12.bmp,part2,4904045,5065351,161307,2afb961d8ffd9db1e2b09078d139e968c0cccc08897f0b939a02ec6c99a99a92
split,BMP_13.bmp,part1,5069448,5290658,221211,63c0386473e403c25cb9487814b35a39f35912a2a74e3b4b721543196b88394e
split,BMP_13.bmp,part2,5298851,5520061,221211,6197c187979cb7fb79134748ad120ab61a145fa0fa7d7bd80fc36c3dbc3c59fd
split,BMP_14.bmp,part1,5524158,5814488,290331,2db9ff89bac5ee48a3dfc0883bc57961a3eb05d7ae1269c03a653def83627e3d
split,BMP_14.bmp,part2,5822681,6113011,290331,e4870c3852fc57129d4bc95e4fb210bad37f3607f9f0d92b08d77a1d7d6064c2
split,BMP_15.bmp,part1,6117108,6301454,184347,26d84c482af507809dc4b236fcf9c437f97612892eff224dfa6cd5772069e588
split,BMP_15.bmp,part2,6309647,6493993,184347,b48c845bef0c9f3fe952fc7143058ed81c56ce55642435c5204db86e77f4e9a5
split,BMP_16.bmp,part1,6498090,6636356,138267,30d19b8bafdb2457b7e1b0f7d008202068eb59bbf812bfa151e9af18b49511b6
split,BMP_16.bmp,part2,6644549,6782815,138267,4b021e6fedc2f2f189b3d8735c0080b020b4479f87b09c4d9e38c458e8e1d55b
split,BMP_17.bmp,part1,6786912,6980474,193563,fdb8292c05dad6b7f49c5a4a09d0868e3a7db975341cd5b7daf346dee620cf4d
split,BMP_17.bmp,part2,6988667,7182229,193563,7363e516dfc891c7f5c2524d8d8921b3456760cee5fd3faab31452c60037a6ac
split,BMP_18.bmp,part1,7186326,7444400,258075,f4eb3d4985da7a6383f2298978bba031214cbdd2bc7118bfd29fd570564ceabd
split,BMP_18.bmp,part2,7452593,7710667,258075,af220985d14a1cc5dbf24220749feac51bb4892e5449b727b331b6a331a21e42
split,BMP_19.bmp,part1,7714764,8046566,331803,d57042b2a31b56089b01bc6d14917f2a27a9a503615a90f83ce244580081f037
split,BMP_19.bmp,part2,8054759,8386561,331803,0fd909fd782a15c3750fae30ed9456c26a55c0597d548a81efcdc61662571137
split,BMP_20.bmp,part1,8390658,8505884,115227,1c91470f82d114c96d99962a4be6a3577f22675fbcd4ffbf6a6f01a9a091c396
split,BMP_20.bmp,part2,8514077,8629303,115227,46e612a7625c7628068846b0151e56adda1c0efe26ad8dac3e733c02aeafc423
split,JPEG_01.jpg,part1,8633400,8643489,10090,dd86287d9c49f9fb299d3e533536e0cc47f20aeab7b35088669f4136c457cd0f
split,JPEG_01.jpg,part2,8651682,8661771,10090,48e1bbf876279310dc143d6ab5e456a3bf86deac6be7bfc4d564505160be0e1a
split,JPEG_02.jpg,part1,8665868,8676179,10312,051509e9292a2cfb412d2c64056838b8dd2cd7d1dde5f5ea655d9098faff14dc
split,JPEG_02.jpg,part2,8684372,8694684,10313,2f634656c032098e909ed9c409173e9aea81f37c7dbecdce0567959da67b91bd
split,JPEG_03.jpg,part1,8698781,8713230,14450,efe67ce7f6705d2ca858accfe3f6816bb2fbf9e3d2d0afb4986b9fb1f1495052
split,JPEG_03.jpg,part2,8721423,8735872,14450,91501d5eb3ef2eb56df0483e01dcb258c496cfcd3a466dfc85d653850cde0fd4
split,JPEG_04.jpg,part1,8739969,8749459,9491,64360556668071657cac06fabcbb57ae5c08ace79c70fca2ab5641ec8cd3d438
split,JPEG_04.jpg,part2,8757652,8767143,9492,c96aa999c9540b21c94d3a8607e8bddebad78ee13adc5c080c5c20fa1f13f724
split,JPEG_05.jpg,part1,8771240,8778890,7651,da79314cd797558f7941bb5154b32c1dba0a38b6c5dae9d12e881f963efebfba
split,JPEG_05.jpg,part2,8787083,8794733,7651,ec3f40c0737a5adac45bbd80093fab5190f811f8b708b59fe4c202a49c19282d
split,JPEG_06.jpg,part1,8798830,8809586,10757,fd61ec6d3f3a7123ba5715924f42908aff0c47b27d0148f58735781dea1c7650
split,JPEG_06.jpg,part2,8817779,8828536,10758,2c2008942181167dc6b89d759887f5c6539b9327bca3bcd5d4508abe432dc548
split,JPEG_07.jpg,part1,8832633,8845793,13161,a4d90b9a1a7f9728f6838e0125c1d6fba8f712d9fefc50e64503733172c3b552
split,JPEG_07.jpg,part2,8853986,8867146,13161,f262b90ba77270518dc8578bf8d96f670aff12146e8caa9af87d20de6093da9c
split,JPEG_08.jpg,part1,8871243,8882140,10898,e874043e74ed24a1f46ef4bce2090841f415699f70c51ac35dd7b5858ec794a1
split,JPEG_08.jpg,part2,8890333,8901230,10898,5156c3420c2679297b5e489761d555e9e0abf39346d37701916bc114eb2a75d1
split,JPEG_09.jpg,part1,8905327,8914710,9384,bb42bd8a7b6d57b5e9a7b49dc2ed2067cd0ecd14a419d9d0a5cca62c744ecf9e
split,JPEG_09.jpg,part2,8922903,8932286,9384,eff02d1a2ba9528c8fb6df009db87ff75a3b31e26087566fe7663c0b80820333
split,JPEG_10.jpg,part1,8936383,8945632,9250,bbcf601e8cf76ccc80c797b859558c9105fb08a813e686d3b938b961cf0a1564
split,JPEG_10.jpg,part2,8953825,8963075,9251,9d5af31eba921aa91eb225005f4dff400caaf8acefbdf7f263a81bf5e6c17362
split,JPEG_11.jpg,part1,8967172,8977573,10402,41407dc95b2a74c6a401617f32abbe7b66eb68296bc802b79c03ef84728ebfad
split,JPEG_11.jpg,part2,8985766,8996167,10402,610fb9c4ecb9cca36e9c49e1abaaf8ccbfd6a834325323957e2c6107cf7ff2ec
split,JPEG_12.jpg,part1,9000264,9009481,9218,714edc80744b4106db5f9b0aa76c1322063c0d0d232e9ae3558deb9678476809
split,JPEG_12.jpg,part2,9017674,9026891,9218,c41064e9d41cd14ac866a22317f99505209ffb9d5a2f570bac9bc368cce9fbdf
split,JPEG_13.jpg,part1,9030988,9042292,11305,fef3300e168bacb24242d00c71dc246b2d279229d7a7a0eeb5e158a011181515
split,JPEG_13.jpg,part2,9050485,9061789,11305,6b4fe480d9918097d534930bab692520ef39a7a79d9dcccea6fffab3f4e53ea8
split,JPEG_14.jpg,part1,9065886,9076969,11084,dffcd88a5d609578c19bf6462c18bb183d407960949fb1d670dfdcde31de6955
split,JPEG_14.jpg,part2,9085162,9096246,11085,2692106323ffcca826fa98ee99ab70a797f1723012ad960649825d09ad2c8b09
split,JPEG_15.jpg,part1,9100343,9109691,9349,09ced198986d8899316323ceeb887a30ed4b336b57ddedac7bc11c10f618e885
split,JPEG_15.jpg,part2,9117884,9127232,9349,e73e4865b6779f9f052c133c3981e12b7789146de95267e632d4dd0c729ad330
split,JPEG_16.jpg,part1,9131329,9138840,7512,dec7283a088f106bbe127f7d200009f3600fc00a6034b1d5c81d17e9300be0e1
split,JPEG_16.jpg,part2,9147033,9154544,7512,f4c269ac0bfbaeaa8566090a02a5b77140841d5283a733b39dde914b562feee1
split,JPEG_17.jpg,part1,9158641,9168281,9641,bdcc16e4979fa6b7de08fc39111d4b9d50db394844dd26a17a088ebaff4f264f
split,JPEG_17.jpg,part2,9176474,9186115,9642,2eac3ed852a524e498cda22032dc43b289e4fb2d7e1bdae5fd8c15dcf98e1dea
split,JPEG_18.jpg,part1,9190212,9200423,10212,6f557ed95cfcad0178d2cd7e2a3ee4a6580d0c4e38b6e9fe6484d25782bae60e
split,JPEG_18.jpg,part2,9208616,9218828,10213,e1964b3816df06f3f03af1bb073aad051cac11428a7d3c10142c0dd8b970e7f8
split,JPEG_19.jpg,part1,9222925,9236327,13403,ae2878d6343097f958a711da9242a88a55bb2ba7c31f52058a472dcd381dd888
split,JPEG_19.jpg,part2,9244520,9257923,13404,c458a45c479a5a90ce01c28b4103b77d5072cca4fc97c0d9078f709cc36079c0
split,JPEG_20.jpg,part1,9262020,9268695,6676,3b52cc4561c4a806c9e9d4a18f6af29af0f1ccc0888f88a7ee11cbadb7dd745d
split,JPEG_20.jpg,part2,9276888,9283564,6677,eac8ee3d55c6410084fb8a2aeaacd07771ef288a7aa95b33ff0c40826b625e5c
split,PNG_01.png,part1,9287661,9289323,1663,2b365d57e9a51fb6c3fdc6b4c32020fd554003bf498c216b07fcb046cc69fee9
split,PNG_01.png,part2,9297516,9299178,1663,4412bc537d3394cd086417f463215f4a13babbe5064c15beb874287903cf7403
split,PNG_02.png,part1,9303275,9305280,2006,fa9e30afda87c27e2c446fc8892c877cbea3c88963ae81600b82be670e39add0
split,PNG_02.png,part2,9313473,9315479,2007,3678a2279d0c715616c61b57a3b95f3dab965edfa0f4f9135e17ea3ef00d48fe
split,PNG_03.png,part1,9319576,9321583,2008,ea1517574a9eef62b6add2069687eb57397643c549a8896eb95a989c0e0102a2
split,PNG_03.png,part2,9329776,9331784,2009,ad303eb5bb0aad01237f763470d33524b233d070b1191a30d72b34a1e9ad9daf
split,PNG_04.png,part1,9335881,9337242,1362,38d50a178498f5d3ffa4e135de26f20a222b8cd70f75d902d470817275d7110f
split,PNG_04.png,part2,9345435,9346796,1362,4f456e37dd316b2b8beecce4b5a242f87718e5652c5c98019cc0ff904c7142bc
split,PNG_05.png,part1,9350893,9352326,1434,ef5bf05a09a3a2d79d371dd06f6977519ecff625478ac582e91082c8dbb79233
split,PNG_05.png,part2,9360519,9361952,1434,5f1a202edfa4e71422cacc870c69f77397f3f6e90b6b48d90b0fafd6e329e75d
split,PNG_06.png,part1,9366049,9367840,1792,f4a5a082918b030a9cbed0ba3a6de45eec05568a56b2ed28e0b355f4dfe1b7e2
split,PNG_06.png,part2,9376033,9377824,1792,18a56c1b4411d4a28216dc650f7356a3a57c3bd48bfad2d2427bbfe9a252c42f
split,PNG_07.png,part1,9381921,9383396,1476,ef8ad09aa94501e934ebb103a69decf2082213ff2787c824e7787e093c7c6414
split,PNG_07.png,part2,9391589,9393064,1476,319071f485da057748e1e51180e56ce9548f885637dadd6b065c024fa00802e1
split,PNG_08.png,part1,9397161,9398764,1604,1d730d246ef61312bf343007e736059a4f5b70ecd505461a5cc61f66bd02cf7d
split,PNG_08.png,part2,9406957,9408560,1604,4fe48395a05b5f8eb29e04b2d175ae1361fb4249aa210176c8f0f414a955b3e0
split,PNG_09.png,part1,9412657,9414132,1476,c407778cb759c3cc0d0e5a5fcec9fd8228b7ccce40ac5c95facda33e1d344b42
split,PNG_09.png,part2,9422325,9423801,1477,0a8011bca78e18f46f4bf638cf0f73cab036e72fadd357e65f2585e9dcaeacbe
split,PNG_10.png,part1,9427898,9429473,1576,2c5727d00a4c6f0c40d7fc47ea10c7e9153147aaf94e00b617f9ad5ff2cc2cb5
split,PNG_10.png,part2,9437666,9439241,1576,67eaacd64edd41ef9019289000e51f2498562a40d6f5fc422abb54783024d3ba
split,PNG_11.png,part1,9443338,9445125,1788,c04beea25134c43493bb40cfc5f46616b7554bf5263be325a9ca7ec3a6ee632b
split,PNG_11.png,part2,9453318,9455106,1789,5987ac69b1aa1a41148729b194a09da87e21680422cf71365bde460c44b5f4bb
split,PNG_12.png,part1,9459203,9460522,1320,c0086e04cfeed3bb2fe0a31799ae774f40e13eed776480b2d9e1a90d066ec42b
split,PNG_12.png,part2,9468715,9470035,1321,a01e3a3bce57778d660bb0f764e0d2607c7ae5ecd666cfdbdaded3ac5a593ff0
split,PNG_13.png,part1,9474132,9475595,1464,a983d8a1c334e7e061f5836c26daffab76d0af5f8e6332ccfa06f3931a814536
split,PNG_13.png,part2,9483788,9485252,1465,09481ba838895fa03d552b0404a1ff26b75439706d87904d081f447d5a3eb1b1
split,PNG_14.png,part1,9489349,9491022,1674,7171eb411f40f2750552dae8fd75aeddc16bb5570a1ed3e38309c53bbf5f5222
split,PNG_14.png,part2,9499215,9500888,1674,6bdd2c0fd952251a556506e558518ec8d988df5aa1bb0280f858c15edb2f515c
split,PNG_15.png,part1,9504985,9506610,1626,70dd093cd0553a3c560a8ad17722edfe8e033075273fbc42a66fa0efa2146431
split,PNG_15.png,part2,9514803,9516428,1626,aa4dff08db62143efc9508f930e6715bb386134c1c1899527f6bfc826d8cfd1e
split,PNG_16.png,part1,9520525,9521976,1452,583d5c06c6965b35bc578fdc7daafdfc0edc9f04e1cc0629a9e44fd80e69d9ce
split,PNG_16.png,part2,9530169,9531620,1452,7a6cca972383acffe1506578bd106471b6b555eb7d0c5bd12b0f6ad240efdd18
split,PNG_17.png,part1,9535717,9537369,1653,1e814e3c299a56838be8edc4a29e5e712d6a2c50799b104109ceccdc78744aa7
split,PNG_17.png,part2,9545562,9547214,1653,1e15d1ae13573a13107673cecb746343f95ec57a0ddd2f9176ffb87ab21af2ca
split,PNG_18.png,part1,9551311,9552871,1561,458610e4fe72bb4383f5b0e0649cd9c0f8318bfb5957054786061808b5ea649c
split,PNG_18.png,part2,9561064,9562624,1561,f4a25bef16c6def9dc6e5fd47aedcfe303075a5124c6d24757048428521289ba
split,PNG_19.png,part1,9566721,9568946,2226,9d5a6ce29fb7612729b8ce3a2b2ee74e84f91ffd0ca8e015bc8816f79eae316c
split,PNG_19.png,part2,9577139,9579365,2227,90710b6807baa2381a81a9b85faaca757889be3c229e4257f2666a65b7580e24
split,PNG_20.png,part1,9583462,9585083,1622,975369e92053f0096320f50d76b367340c66a554fb4abee0338319a2f5e50d49
split,PNG_20.png,part2,9593276,9594897,1622,4de55f67849342480f78978339baf77d1407509c1ffc455048104a363eed3580
header_damaged,BMP_01.bmp,whole,0,331829,331830,3f09e2c7c1315f64c10a69702366a37663d4fa2735262cc7399caf1728908496
header_damaged,BMP_02.bmp,whole,335926,787563,451638,49a5333c4486d8c0a909a8dbcd4d9f7d8bd9989d37971fb151dcac704101a977
header_damaged,BMP_03.bmp,whole,791660,1381537,589878,37a2cd6a405117a478f9f1eaf6ee9548db6ee810407048e9294790c3b97908e1
header_damaged,BMP_04.bmp,whole,1385634,1800407,414774,2e033569d2a268d3e7fdc6fad4dbeb2e73fe7b42c98e61544adb1fd6c7e065c4
header_damaged,BMP_05.bmp,whole,1804504,2081037,276534,36bb659e9ec55ffaf511bf11f422dee328f2441cc86b8c91c640d34ddab17b2e
header_damaged,BMP_06.bmp,whole,2085134,2472259,387126,46116c5ee05967eb68677d9992ce11b8f96a375bf152c0feeb51fcc49fb142ac
header_damaged,BMP_07.bmp,whole,2476356,2992505,516150,6e8b34b98adcace692dcc243ff4a088af19f3c63228e1f6e6d2f45cfb38279a8
header_damaged,BMP_08.bmp,whole,2996602,3365295,368694,27269cfe890c4d040396199e310eca6dc3a91ebb52ca683911b56202474feafc
header_damaged,BMP_09.bmp,whole,3369392,3867109,497718,0a1408c9ad0d0cba9cda2e51549ec5c9a665babcdfa2c6c67f76fecd451fe9c9
header_damaged,BMP_10.bmp,whole,3871206,4193819,322614,0ca70c5f6cb9bc81fcc05e68b300929f4b5550a80078bf772cea99685e1fb156
header_damaged,BMP_11.bmp,whole,4197916,4640337,442422,e3a48178566392b328616a43e42cbf82d29312115b3ec78343c8f441d4955e31
header_damaged,BMP_12.bmp,whole,4644434,4967047,322614,a31311e8ecae10ba6227f7793ec62d86341a0f9459b74ab6c6e4d3d50c4bdbca
header_damaged,BMP_13.bmp,whole,4971144,5413565,442422,6853b2c0e212e9cd6cfcce238bdcb8570871135e365e1db975f9d3036e4f66ee
header_damaged,BMP_14.bmp,whole,5417662,5998323,580662,8e82ee7c67a54138ea2b07f94e5fefa859c6226088955a2913946c0578979a2a
header_damaged,BMP_15.bmp,whole,6002420,6371113,368694,1145a2f1f4716d8967fdce47234b6231d669ada33f6cfadf5a4906df00c6c85a
header_damaged,BMP_16.bmp,whole,6375210,6651743,276534,27e48b4ca8c65fb686e498383d6a2e936838f390a43b1bb18732f138d617d297
header_damaged,BMP_17.bmp,whole,6655840,7042965,387126,f93128bad22d0b686763481dbed09ac3adc723cadd62d98e8c35f7ca157bdade
header_damaged,BMP_18.bmp,whole,7047062,7563211,516150,8bd9be8665baf5d938a4dbdbeb2c008de73ed102e3642c2721b1d4d01da4342a
header_damaged,BMP_19.bmp,whole,7567308,8230913,663606,3090938e4fb2fb4316ef0814a97248fd4a3cb0678e981be2d27dd60bd3a1fed8
header_damaged,BMP_20.bmp,whole,8235010,8465463,230454,465430713423dd13784d54694f0c2b7cb2db6a5daa31e8fd0c34c693a9b5ade2
header_damaged,JPEG_01.jpg,whole,8469560,8489739,20180,081b26f0d79a5ab8e32c4cc9aa9cf347895b9dd5d55f044b62efead3a8475af8
header_damaged,JPEG_02.jpg,whole,8493836,8514460,20625,fb028dd6ccc87db3007c2b352e6c7f65924c98604f97f8aa65d33254afb3d074
header_damaged,JPEG_03.jpg,whole,8518557,8547456,28900,92da62e83ff4f9d934f558a740c20e17db499696849d68814371c967cca169fd
header_damaged,JPEG_04.jpg,whole,8551553,8570535,18983,22daf3cb386a0c9c87d368c4d0b6dded9182e5572402834983b9b019b0ca2782
header_damaged,JPEG_05.jpg,whole,8574632,8589933,15302,cfa5ebcdd59f097b8bd6053d151f84700df4d088ace88ea1bef7a9615967f540
header_damaged,JPEG_06.jpg,whole,8594030,8615544,21515,c93985409904e520dbe2d768fd52d218419f3d00534be6dcacec9dcc622a3edd
header_damaged,JPEG_07.jpg,whole,8619641,8645962,26322,2f966df8b7c9b18425899ae2acb8c3d558d8d310a3d13aa4d77add830be81aa7
header_damaged,JPEG_08.jpg,whole,8650059,8671854,21796,9f06e62ac84822cb231049f107ab1de0639c0874433102860441892ae1dd5383
header_damaged,JPEG_09.jpg,whole,8675951,8694718,18768,bc1ca4bed5497a78ae7061fa6e7920b8d0c0ac932b49b00bc997bb2411721a00
header_damaged,JPEG_10.jpg,whole,8698815,8717315,18501,e8e35fc5fe660a20e8f41ce657a8c01f4a937abf90ef2f5e4866d3f7ee0bd209
header_damaged,JPEG_11.jpg,whole,8721412,8742215,20804,f96857df07f851fb449aba784e353c473cd4ea29cb4a2cc9827c976522bcf354
header_damaged,JPEG_12.jpg,whole,8746312,8764747,18436,7f45729dacc2a6ad1f5874c511f4cd2d1a63cf8326033108334aff30f4098058
header_damaged,JPEG_13.jpg,whole,8768844,8791453,22610,e0b48b155907360d8aa10b9cad53a5ae34e60e8df0a929b937ffdc1a6e65fef2
header_damaged,JPEG_14.jpg,whole,8795550,8817718,22169,51869a0884dff43f7b9e7935a6201789f7fd26f2fbd347696e80197684c79968
header_damaged,JPEG_15.jpg,whole,8821815,8840512,18698,863da0f80a606669f78eb5edf857e94af15e1b5293da62e44122880a077fcd4f
header_damaged,JPEG_16.jpg,whole,8844609,8859632,15024,9a3b925a4910959b90b001b7a0bafbc2e60ffc650ec85fa511f367aaa0089c9b
header_damaged,JPEG_17.jpg,whole,8863729,8883011,19283,c8d2a63908c7cc44dff72f4da5601b9f98ba70423ec95cd8ffac316874b73782
header_damaged,JPEG_18.jpg,whole,8887108,8907532,20425,1b3c0d21a068952d21e9c0e85d92678e481026c8e1670456d2b8155b884e25f9
header_damaged,JPEG_19.jpg,whole,8911629,8938435,26807,8ec69748f5cc938e7e37ba83cb28a6b83a2436688f62eaddb149c33c852a427a
header_damaged,JPEG_20.jpg,whole,8942532,8955884,13353,c5322e4938e3a1a9415d43bebb946aeb2545ee82ca7849349819e5699e59e332
header_damaged,PNG_01.png,whole,8959981,8963306,3326,284fcff9b7a1cb778179ec79ade9d25f503bee3fd3b99ffe8c2ab7703d0a7835
header_damaged,PNG_02.png,whole,8967403,8971415,4013,ba97114426f73b9f4174a75d16a3da76f85ee8e3324523b7f7ae9eee1a18c628
header_damaged,PNG_03.png,whole,8975512,8979528,4017,40c8cff10996504cdb23e4ddfd362fe599771b08aebd5a09a6d5d864a3147040
header_damaged,PNG_04.png,whole,8983625,8986348,2724,c3c085e0307e2f78024c08b19d5611e2910207afcf87e8fd26b8980b8f683475
header_damaged,PNG_05.png,whole,8990445,8993312,2868,5348c4f94d4d4d42d0afade2187db25c2060df6a4658dc5f443d4fea0556492f
header_damaged,PNG_06.png,whole,8997409,9000992,3584,8b2da38a3b837740c4aa36cab543c6df4411fd4118893fdf9831ee00dc5e3fe3
header_damaged,PNG_07.png,whole,9005089,9008040,2952,b83af2475c7c2cec00f2db891c656ffcf4b3d41b92b2d81084aeb3cf47c41d23
header_damaged,PNG_08.png,whole,9012137,9015344,3208,eb21e26563d1888637fcd1057310c691e11f7bc4735a3d210892dc1f7af82dd1
header_damaged,PNG_09.png,whole,9019441,9022393,2953,8e437fdd687fcb96baf85cabd80b62556e53a7b80f7adfd00e3f47a8322de913
header_damaged,PNG_10.png,whole,9026490,9029641,3152,b2ce0534e2f0c385940d4757379d4b4b937c4e7adfa40c42cd717847c0c2476e
header_damaged,PNG_11.png,whole,9033738,9037314,3577,3cb18866dcc19199aa902b10c5b2ced0ae762274a004f6106a9c00a2201f0627
header_damaged,PNG_12.png,whole,9041411,9044051,2641,42dec242c0d0e5cf0e7c28a0d065f3424ab19cdf7e307f1e581d53184a6ffc8d
header_damaged,PNG_13.png,whole,9048148,9051076,2929,7851a7d31326cf84e83d58b59c8ced163eb7d9b2119451723c1a08738e73623d
header_damaged,PNG_14.png,whole,9055173,9058520,3348,d59610fbe0fdacb7102944e7da8bfc7b55f3d26ed9e489d4a779c3ce03de290a
header_damaged,PNG_15.png,whole,9062617,9065868,3252,0785b04aa48dc8fe9b0208a298e77b8f12b7310aa9ae335f5e8cea044299f078
header_damaged,PNG_16.png,whole,9069965,9072868,2904,df84c729bf1eb669a13d2251ed31b91c5cd35aba101213efb679bce94401ad6d
header_damaged,PNG_17.png,whole,9076965,9080270,3306,717a30328290db7253ee85f0026d199307418cffd2c90a30dc00ada8decc6e6f
header_damaged,PNG_18.png,whole,9084367,9087488,3122,6caf215064d9a8962c0c54d2422d459577a8cc15c354d51c2f0b266f35234bed
header_damaged,PNG_19.png,whole,9091585,9096037,4453,2b148bcf5d4d19cd917194a923c76c49bd93ee369ca924f66630b4e7e2396a56
header_damaged,PNG_20.png,whole,9100134,9103377,3244,38160059b7c2e0c0beeefe8e90ad3c707865cae7d30962b829fb1416790f3f3c
truncated,BMP_01.bmp,whole,0,298646,298647,2613a297fb86dfe2bb95b882ee429c763fa0230d49879a092496ba617ffd8951
truncated,BMP_02.bmp,whole,302743,709216,406474,e66051916624bc11d6532aac779f151fa98d27a01a6543954477511e197cdceb
truncated,BMP_03.bmp,whole,713313,1244202,530890,28403409b1c5884a073d00e9c142d7d86eca8173a2f9a0c590a46c79e50f300c
truncated,BMP_04.bmp,whole,1248299,1621594,373296,04fe9890fd7a164a645250a24ded227d1522fea1272d550a0f11a9cff76ef3d4
truncated,BMP_05.bmp,whole,1625691,1874570,248880,f2a4028b89ab130bf21072d0f91b2b9cd1c6f61936398a775539b360cd6130b4
truncated,BMP_06.bmp,whole,1878667,2227079,348413,2c14ce250902e3bd63bccddf471053732f506dd80c37882a20a80647f2f9eaab
truncated,BMP_07.bmp,whole,2231176,2695710,464535,a831967b69d6d059278d0ea765b709903680b9b25f9c3e28863b40d487c65957
truncated,BMP_08.bmp,whole,2699807,3031630,331824,d820922a525e8f6e1e6e9d0f6650f5ea3a2bedb9db328df50758ec5e543b4d89
truncated,BMP_09.bmp,whole,3035727,3483672,447946,3514511d29768299b016ebcbfc71b3d4fd89c90ce1b8bc5708e206dc5d08a884
truncated,BMP_10.bmp,whole,3487769,3778120,290352,afa5c941c1388ed6dd19f15f1514c53b6da5ca56544ceaacd9de51dd023f28ed
truncated,BMP_11.bmp,whole,3782217,4180395,398179,11d1375a72a9cfebff856b547e77996cad78159fea08be7c2347cf5271fee216
truncated,BMP_12.bmp,whole,4184492,4474843,290352,8ca13d52e53d5b628a9dbd7933259d90c651e98eeb01b344814e180153d0cf75
truncated,BMP_13.bmp,whole,4478940,4877118,398179,9095867c28fd25e095b3e60af4b1b6a56217dc2d76810381accf36e5e20e1bd9
truncated,BMP_14.bmp,whole,4881215,5403809,522595,b331cb041ecd57dff5979949744927574c4a32a3f1f426f781d0a1d94fc866e0
truncated,BMP_15.bmp,whole,5407906,5739729,331824,ad7dcd8cb91f78b09076647123e87e9e69e742605c6d6fbbcb9b9a75b241cf86
truncated,BMP_16.bmp,whole,5743826,5992705,248880,ca97ce729a41caa06a9f9007d80a314051581864914d67bb37c2eba015be31fa
truncated,BMP_17.bmp,whole,5996802,6345214,348413,497a9a3e7b28d406434e591b271d15914c81c5139bb707ff15d245abe72f2eb7
truncated,BMP_18.bmp,whole,6349311,6813845,464535,58785ec96eb93b0b200d27299f5192e84803dbb40bd74520cc4955f2a041b050
truncated,BMP_19.bmp,whole,6817942,7415186,597245,5d82972cd86455eb33f4f1e83c5b8e6e04c50cb5883b6b670aab141a280ed636
truncated,BMP_20.bmp,whole,7419283,7626690,207408,13ff1e0b3ca155e2be99b3bb8925800201d58bad2e215cd29512878a0dfc2d84
truncated,JPEG_01.jpg,whole,7630787,7648948,18162,2acd268ab91ffa8764910fe8f0f6ed2ebd02545487efdc7cc1053a4ad3c22afc
truncated,JPEG_02.jpg,whole,7653045,7671606,18562,216ba9fa73bf6db814b1aab1218bb37c6dd45e9f62ce219221f3bdd3fe074122
truncated,JPEG_03.jpg,whole,7675703,7701712,26010,bce2a6cc8af56ac5ac6204ce4bc6bcebd9f273a57d3099491fc7d85756b7e386
truncated,JPEG_04.jpg,whole,7705809,7722892,17084,5493dc86fea16ee0f04f203fe9eb06c41d78c38cb0b39d012a661af57dce9eab
truncated,JPEG_05.jpg,whole,7726989,7740759,13771,3ace9b4647827bddacf04f73a0a2159b60cdac6f7ad62ed7c838205568bbc3cf
truncated,JPEG_06.jpg,whole,7744856,7764218,19363,a5994db5043cf47a38a0573f9078b94ae6ed85ccd02fb9017ce996b8d31b43e1
truncated,JPEG_07.jpg,whole,7768315,7792003,23689,faa71dadbc56c65a6a21bb94f87001be003ba914e5735507a3445a34938eb9d7
truncated,JPEG_08.jpg,whole,7796100,7815715,19616,8ea77dc6d8552d8386df16be8251b9d7eadd69446b7535764d8f9978db9a6938
truncated,JPEG_09.jpg,whole,7819812,7836702,16891,7a179b9b64829cf68a25e25d6cc1356c00df14dede402b47a8653c30b367ac54
truncated,JPEG_10.jpg,whole,7840799,7857448,16650,d0211cdc0ff06756eb82f8e0960975172cfdda6969f57c19da9bd7da60f35b83
truncated,JPEG_11.jpg,whole,7861545,7880267,18723,b70537b1599dea99e3b1aeabef5fdd1d108f7cee34d7d248a0892c2ca55bf033
truncated,JPEG_12.jpg,whole,7884364,7900955,16592,dd5985d86474f7d1a653a22316f6a7c5a21a0b074d2a81e11822a28f31ba0693
truncated,JPEG_13.jpg,whole,7905052,7925400,20349,272eec2ce26b6c276bdd93015d33afc7bf81e648cd8c7edeaacffe3916ff28aa
truncated,JPEG_14.jpg,whole,7929497,7949448,19952,8cd659c062d49856a2d9d13d55b05ccf651469182e81083a6d6dc3ff5ffb2836
truncated,JPEG_15.jpg,whole,7953545,7970372,16828,06c5e9fb6a6fc54e302262211ea7ba583daea61d905f039cebc2c43a79780791
truncated,JPEG_16.jpg,whole,7974469,7987989,13521,9d8b6979a459efdc655c6defeebe7222f95b57cc4583d894bb12a8b6416e4e15
truncated,JPEG_17.jpg,whole,7992086,8009439,17354,86b44b8c46c4943c1150ea0fdf3b87959d3ccf6ebd9a94b35bc852aa6afac0c2
truncated,JPEG_18.jpg,whole,8013536,8031917,18382,8145f2a1c1e2be97d31831175c65fcb92fe036374437758c63de4059b89eefdd
truncated,JPEG_19.jpg,whole,8036014,8060139,24126,4e28232ddd69de42d5f027f371c511d78de212bf392fc4469a5b32ee20f2281b
truncated,JPEG_20.jpg,whole,8064236,8076252,12017,ec53bffb61bbfc39bbeaf2057da2979b270cafc51864a1e3fd31976f469bcfd4
truncated,PNG_01.png,whole,8080349,8083341,2993,2826b847d7457013a7705992996dc455b0ade5bd266473b53d569161ae704167
truncated,PNG_02.png,whole,8087438,8091048,3611,fbc2e61592657a1c7b4496f06c8e1e07284ec6237c3b4020a68aaf0078e53c24
truncated,PNG_03.png,whole,8095145,8098759,3615,cb9784d7d6e3f9573b31725389604735ec5cf7944266292e36e6ab4264324460
truncated,PNG_04.png,whole,8102856,8105306,2451,7cdd63ad931b4dabc9bd606b99d8772321caf37b61c343b4ad187818f0a45131
truncated,PNG_05.png,whole,8109403,8111983,2581,0c68ceee317311d52c6b7b200390c561a50bad775fe33e6bd59c24866519dee7
truncated,PNG_06.png,whole,8116080,8119304,3225,43c2f09bd0057783102144bd5313b682a043cacdaba00bcf1d8a0fd71a568f7f
truncated,PNG_07.png,whole,8123401,8126056,2656,9bf4f9c2d96b519a7e16f573ea4265371bb31906fa5580990cd12a284a87b8a7
truncated,PNG_08.png,whole,8130153,8133039,2887,fc501b605b3ce1ad9a25ef8cd26b9589ae958b9100fb6156953df0002a629176
truncated,PNG_09.png,whole,8137136,8139792,2657,69e93a8a666635babb4c78a45af42f7fba360344ff96f2d1a1e416759904bfe7
truncated,PNG_10.png,whole,8143889,8146724,2836,d65214856acf88695e818b20a598ab25c00a97c08665d62f166204d3198ffeea
truncated,PNG_11.png,whole,8150821,8154039,3219,482080ca425548dc496635537893c14ed8c3d41d2a11e5a2ec155b49ee4dc89f
truncated,PNG_12.png,whole,8158136,8160511,2376,b45450d3a6b4f819fdfc9a1fc63c76cc574d849b83afbb121a4799d05351728f
truncated,PNG_13.png,whole,8164608,8167243,2636,26fbcb104a280d33f10eca304d6f137405f3dcd8f40514ca4d87d0b811aff664
truncated,PNG_14.png,whole,8171340,8174352,3013,9f8f16ad92672b5453e0d0df684b794b9f6ca138b8cd4ca9affee2fe7a380798
truncated,PNG_15.png,whole,8178449,8181374,2926,f76a4b2f239d508e84e8d3385c1110fca859c7e44e58a6e7c90c463f4a1cf853
truncated,PNG_16.png,whole,8185471,8188083,2613,50cd28737dea894747b7e2c2afb498992ce98438caf41b49d80abae34a94aed8
truncated,PNG_17.png,whole,8192180,8195154,2975,b358fb72795048c3ec32ff45d6c92fe094f4a8424140f712903f740059df05b8
truncated,PNG_18.png,whole,8199251,8202059,2809,1e327ebbba1c1b29f5d656eb48a36bf9d19f0e33f1fd1002a4c3b48c35c2b5a5
truncated,PNG_19.png,whole,8206156,8210162,4007,983ffb2f41cd67f90ad99c4d5a983b387fede1a62aed19756cd05055911131da
truncated,PNG_20.png,whole,8214259,8217177,2919,0e94efbfb2c5a1e671c0ec32597f4ecff82c1786e9d0989fca54a0d22b312bbb
